{"exp3": [-9.051222814817713, -9.176829048799139, -9.039659845224474, -9.07881637989109, -9.043169522894589, -9.330599870428419, -8.575471304115736, -8.35677228360334, -7.832373266837574, -8.857984706615058, -8.98898074357392, -8.82416396200101, -8.841422679274599, -9.08519335756598, -8.68904955755168, -8.874420276384134, -8.882380005620012, -8.981923287582488, -9.120705638252737, -9.554574830858616, -8.87719468023146, -9.17959090410433, -8.976395088948848, -9.005807583553295], "exp2": [-10.023099371231194, -10.065907444452305, -10.346186562191471, -10.10042327315514, -9.996080743897297, -9.913516252757784, -9.890054093118545, -9.971292017306299, -8.929955055425744, -10.166600600094052, -9.8431491859123, -9.998656231573536, -10.25890148914311, -10.123848739397273, -10.23583028524794, -10.687018628198588, -10.372261087599318, -10.658748854616372, -11.857267966106479, -14.207397272777113, -10.632669371226507], "exp1": [-12.082978968110252, -11.935866446696371, -11.530273308773372, -12.067492387454852, -12.202779315918567, -12.231199558789319, -13.749971958394429, -11.804775016696029, -11.63698084596065, -12.426635265500892, -12.180466556681923, -12.305632333652191, -12.65289303062081, -12.566559532036617, -12.524725127400412, -12.907869746436653, -12.793531818633163, -13.37025037544845, -12.641462398711608, -13.041435383936799, -12.532599023042494, -12.83678970263667], "exp4": [-8.555120359596948, -8.529401273096282, -8.526050089095339, -8.803227042425666, -8.147281118423248, -8.247836415046011, -8.982516374647533, -8.711336857082223, -8.910438275704985]}