{"exp3": [8.88745030163202e-10, 6.655350790127248e-10, 9.127254382663751e-10, 8.340337403212911e-10, 9.053791254211181e-10, 4.670895268385051e-10, 2.6578391597184418e-09, 4.397721435293405e-09, 1.4710476249075357e-08, 1.3868046633955043e-09, 1.0256974042143856e-09, 1.4991187566638703e-09, 1.4407124883355637e-09, 8.218766507067503e-10, 2.046211129268489e-09, 1.335302689126554e-09, 1.3110522324811545e-09, 1.0425015573419618e-09, 7.573460449226438e-10, 2.788850083743896e-10, 1.326799562884017e-09, 6.613160999899109e-10, 1.0558565321077333e-09, 9.867165587438465e-10], "exp4": [2.7853491349708118e-09, 2.95528062748942e-09, 2.9781729238206476e-09, 1.5731602256639773e-09, 7.123917503173981e-09, 5.6514980873030816e-09, 1.041078854026116e-09, 1.943851763484627e-09, 1.229027850292068e-09]}